A&M-Corpus Christi,26172,"Corpus Christi,  TX"
Abilene Christian,2,"Abilene,  TX"
Academy of Art,30123,"San Francisco,  CA"
Adams St.,929,"Alamosa,  CO"
Adelbert,506445,","
Adelphi,3,"Garden City,  NY"
Adrian,4,"Adrian,  MI"
Agnes Scott,11324,"Decatur,  GA"
Air Force,721,"USAF Academy,  CO"
Akron,5,"Akron,  OH"
Ala.-Huntsville,10,"Huntsville,  AL"
Alabama,8,"Tuscaloosa,  AL"
Alabama A&M,6,"Normal,  AL"
Alabama St.,7,"Montgomery,  AL"
Alas. Anchorage,11,"Anchorage,  AK"
Alas. Fairbanks,12,"Fairbanks,  AK"
Albany (NY),14,"Albany,  NY"
Albany St. (GA),13,"Albany,  GA"
Albertus Magnus,2798,"New Haven,  CT"
Albion,15,"Albion,  MI"
Albright,16,"Reading,  PA"
Alcorn,17,"Alcorn State,  MS"
Alderson Broaddus,934,"Philippi,  WV"
Alfred,18,"Alfred,  NY"
Alfred St.,30170,"Alfred,  NY"
Allegheny,19,"Meadville,  PA"
Allen,500120,","
Alliance,500130,","
Alliant Int'l,506148,","
Alma,21,"Alma,  MI"
Alvernia,938,"Reading,  PA"
Alverno,28746,"Milwaukee,  WI"
American,23,"Washington,  DC"
American (PR),1466,"Bayamon,  PR"
American Int'l,22,"Springfield,  MA"
Amherst,24,"Amherst,  MA"
Anderson (IN),939,"Anderson,  IN"
Anderson (SC),13028,"Anderson,  SC"
Angelo St.,25,"San Angelo,  TX"
Anna Maria,26,"Paxton,  MA"
Appalachian St.,27,"Boone,  NC"
Aquinas,500180,","
Arcadia,966,"Glenside,  PA"
Arizona,29,"Tucson,  AZ"
Arizona St.,28,"Tempe,  AZ"
Ark.-Fort Smith,30105,"Fort Smith,  AR"
Ark.-Monticello,8411,"Monticello,  AR"
Ark.-Pine Bluff,2678,"Pine Bluff,  AR"
Arkansas,31,"Fayetteville,  AR"
Arkansas St.,30,"State University,  AR"
Arkansas Tech,947,"Russellville,  AR"
Armstrong,33,"Savannah,  GA"
Army,725,"West Point,  NY"
Arnold,506427,","
Asbury,506029,","
Ashland,35,"Ashland,  OH"
Assumption,36,"Worcester,  MA"
Athens St.,500260,","
Auburn,37,"Auburn,  AL"
Augsburg,38,"Minneapolis,  MN"
Augustana (IL),40,"Rock Island,  IL"
Augustana (SD),41,"Sioux Falls,  SD"
Aurora,42,"Aurora,  IL"
Austin,953,"Sherman,  TX"
Austin Peay,43,"Clarksville,  TN"
Averett,44,"Danville,  VA"
Azusa Pacific,500089,","
Azusa Pacific,30146,"Azusa,  CA"
Babson,45,"Babson Park,  MA"
Baker,506059,","
Bakersfield,94,"Bakersfield,  CA"
Baldwin Wallace,46,"Berea,  OH"
Ball St.,47,"Muncie,  IN"
Baptist Bible (PA),500367,","
Baptist Bible (PA),958,"Clarks Summit,  PA"
Bard,962,"Annandale-On-Hudson,  NY"
Barrington,500385,","
Barry,49,"Miami Shores,  FL"
Barton,15646,"Wilson,  NC"
Baruch,58,"New York,  NY"
Bates,50,"Lewiston,  ME"
Bay Path,26520,"Longmeadow,  MA"
Baylor,51,"Waco,  TX"
Becker,26107,"Leicester,  MA"
Bellarmine,52,"Louisville,  KY"
Belmont,14927,"Nashville,  TN"
Belmont Abbey,2683,"Belmont,  NC"
Beloit,53,"Beloit,  WI"
Bemidji St.,54,"Bemidji,  MN"
Benedict,55,"Columbia,  SC"
Benedictine (IL),296,"Lisle,  IL"
Bennett,14770,"Greensboro,  NC"
Bentley,56,"Waltham,  MA"
Berea,506023,","
Berry,973,"Mount Berry,  GA"
Bethany (KS),506014,","
Bethany (WV),59,"Bethany,  WV"
Bethany Lutheran,30038,"Mankato,  MN"
Bethel (KS),506120,","
Bethel (MN),60,"St. Paul,  MN"
Bethel (TN),500500,","
Bethune-Cookman,61,"Daytona Beach,  FL"
Binghamton,62,"Binghamton,  NY"
Biola,500515,","
Birmingham-So.,28593,"Birmingham,  AL"
Biscayne,506250,","
Bishop,506218,","
Black Hills St.,506069,","
Black Hills St.,30134,"Spearfish,  SD"
Blackburn,64,"Carlinville,  IL"
Bloomfield,984,"Bloomfield,  NJ"
Bloomsburg,65,"Bloomsburg,  PA"
Bluefield Col.,500552,","
Bluefield St.,985,"Bluefield,  WV"
Bluffton,987,"Bluffton,  OH"
Boise St.,66,"Boise,  ID"
Boston College,67,"Chestnut Hill,  MA"
Boston St.,506262,","
Boston U.,68,"Boston,  MA"
Bowdoin,69,"Brunswick,  ME"
Bowie St.,70,"Bowie,  MD"
Bowling Green,71,"Bowling Green,  OH"
Bradford,500598,","
Bradley,72,"Peoria,  IL"
Brandeis,73,"Waltham,  MA"
Brevard,30094,"Brevard,  NC"
Bridgeport,74,"Bridgeport,  CT"
Bridgewater (VA),75,"Bridgewater,  VA"
Bridgewater St.,76,"Bridgewater,  MA"
British Colum. (CAN),506196,","
Brockport,78,"Brockport,  NY"
Brooklyn,79,"Brooklyn,  NY"
Brown,80,"Providence,  RI"
Bryan,500660,","
Bryant,81,"Smithfield,  RI"
Bryn Mawr,82,"Bryn Mawr,  PA"
Bucknell,83,"Lewisburg,  PA"
Buena Vista,84,"Storm Lake,  IA"
Buffalo,86,"Buffalo,  NY"
Buffalo St.,85,"Buffalo,  NY"
Butler,87,"Indianapolis,  IN"
BYU,77,"Provo,  UT"
BYU-Hawaii,2685,"Laie,  HI"
Cabrini,88,"Radnor,  PA"
Cairn,1305,"Langhorne,  PA"
Cal Lutheran,105,"Thousand Oaks,  CA"
Cal Poly,90,"San Luis Obispo,  CA"
Cal Poly Pomona,91,"Pomona,  CA"
Cal St. Dom. Hills,92,"Carson,  CA"
Cal St. East Bay,98,"Hayward,  CA"
Cal St. Fullerton,97,"Fullerton,  CA"
Cal St. L.A.,100,"Los Angeles,  CA"
Cal St. Monterey Bay,506122,","
Cal St. Monterey Bay,30055,"Seaside,  CA"
Cal St. San B'dino,93,"San Bernardino,  CA"
Cal St. Stanislaus,103,"Turlock,  CA"
Caldwell,995,"Caldwell,  NJ"
California,107,"Berkeley,  CA"
California (PA),106,"California,  PA"
California Baptist,30135,"Riverside,  CA"
Caltech,89,"Pasadena,  CA"
Calvin,114,"Grand Rapids,  MI"
Cameron,996,"Lawton,  OK"
Campbell,115,"Buies Creek,  NC"
Canisius,116,"Buffalo,  NY"
Canterbury (IN),506439,","
Capital,117,"Columbus,  OH"
Capitol,500796,","
Carleton,118,"Northfield,  MN"
Carnegie Mellon,119,"Pittsburgh,  PA"
Carroll (MT),506056,","
Carroll (WI),120,"Waukesha,  WI"
Carson-Newman,1000,"Jefferson City,  TN"
Carthage,121,"Kenosha,  WI"
Cascade,506094,","
Case,122,"Cleveland,  OH"
Castleton,123,"Castleton,  VT"
Catawba,1001,"Salisbury,  NC"
Catholic,124,"Washington,  DC"
Cazenovia,23624,"Cazenovia,  NY"
CCNY,480,"New York,  NY"
Cedar Crest,14795,"Allentown,  PA"
Cedarville,30124,"Cedarville,  OH"
Centenary (LA),125,"Shreveport,  LA"
Centenary (NJ),12884,"Hackettstown,  NJ"
Central (IA),126,"Pella,  IA"
Central Ark.,1004,"Conway,  AR"
Central Conn. St.,127,"New Britain,  CT"
Central Methodist,506026,","
Central Mich.,129,"Mount Pleasant,  MI"
Central Mo.,130,"Warrensburg,  MO"
Central Okla.,1009,"Edmond,  OK"
Central St. (OH),30049,"Wilberforce,  OH"
Central St. (OH),506028,","
Central Wash.,1010,"Ellensburg,  WA"
Centre,132,"Danville,  KY"
Chadron St.,1012,"Chadron,  NE"
Chaminade,133,"Honolulu,  HI"
Chapman,134,"Orange,  CA"
Charleston (WV),1013,"Charleston,  WV"
Charleston So.,48,"Charleston,  SC"
Charlotte,458,"Charlotte,  NC"
Chatham,10972,"Pittsburgh,  PA"
Chattanooga,693,"Chattanooga,  TN"
Chestnut Hill,21323,"Philadelphia,  PA"
Cheyney,135,"Cheyney,  PA"
Chicago,137,"Chicago,  IL"
Chicago St.,136,"Chicago,  IL"
Chico St.,95,"Chico,  CA"
Chowan,8875,"Murfreesboro,  NC"
Chris. Newport,139,"Newport News,  VA"
Christian Bros.,1015,"Memphis,  TN"
Cincinnati,140,"Cincinnati,  OH"
Cincinnati-Clermont,30087,"Batavia,  OH"
Citadel,141,"Charleston,  SC"
City Tech,8580,"Brooklyn,  NY"
Claflin,500990,","
Claflin,30058,"Orangeburg,  SC"
Claremont McKenna,506447,","
Claremont-M-S,142,"Claremont,  CA"
Clarion,143,"Clarion,  PA"
Clark (MA),145,"Worcester,  MA"
Clark Atlanta,144,"Atlanta,  GA"
Clarke,1020,"Dubuque,  IA"
Clarkson,146,"Potsdam,  NY"
Clayton St.,20576,"Morrow,  GA"
Clemson,147,"Clemson,  SC"
Cleveland St.,148,"Cleveland,  OH"
Coast Guard,722,"New London,  CT"
Coastal Caro.,149,"Conway,  SC"
Cobleskill St.,30083,"Cobleskill,  NY"
Coe,150,"Cedar Rapids,  IA"
Coker,1023,"Hartsville,  SC"
Col. of Charleston,1014,"Charleston,  SC"
Col. of Emporia,506440,","
Col. of Idaho,500088,","
Colby,151,"Waterville,  ME"
Colby-Sawyer,152,"New London,  NH"
Colgate,153,"Hamilton,  NY"
Colo. Christian,11403,"Lakewood,  CO"
Colorado,157,"Boulder,  CO"
Colorado Col.,154,"Colorado Springs,  CO"
Colorado Mesa,11416,"Grand Junction,  CO"
Colorado Mines,155,"Golden,  CO"
Colorado St.,156,"Fort Collins,  CO"
Colorado St.-Pueblo,2720,"Pueblo,  CO"
Columbia,158,"New York,  NY"
Columbus St.,159,"Columbus,  GA"
Concord,1028,"Athens,  WV"
Concordia (IN),501120,","
Concordia (MI),501123,","
Concordia (MO),501130,","
Concordia (NE),30112,"Seward,  NE"
Concordia (NE),506061,","
Concordia (NY),162,"Bronxville,  NY"
Concordia (TX),24400,"Austin,  TX"
Concordia Chicago,160,"River Forest,  IL"
Concordia Wisconsin,1036,"Mequon,  WI"
Concordia-M'head,161,"Moorhead,  MN"
Concordia-St. Paul,9081,"St. Paul,  MN"
Connecticut Col.,163,"New London,  CT"
Converse,8935,"Spartanburg,  SC"
Cooper Union,501167,","
Coppin St.,165,"Baltimore,  MD"
Cornell,167,"Ithaca,  NY"
Cornell College,166,"Mt. Vernon,  IA"
Covenant,30111,"Lookout Mountain,  GA"
Creighton,169,"Omaha,  NE"
Crown (MN),30035,"St. Bonifacius,  MN"
CSUN,101,"Northridge,  CA"
Culver-Stockton,506032,","
Curry,170,"Milton,  MA"
D'Youville,1059,"Buffalo,  NY"
D.C. Teachers,506446,","
Daemen,30174,"Amherst,  NY"
Dakota Wesleyan,506033,","
Dallas,1044,"Irving,  TX"
Dallas Baptist,1045,"Dallas,  TX"
Dana,506005,","
Daniel Webster,2691,"Nashua,  NH"
Dartmouth,172,"Hanover,  NH"
Davidson,173,"Davidson,  NC"
Davis & Elkins,174,"Elkins,  WV"
Dayton,175,"Dayton,  OH"
Defiance,1050,"Defiance,  OH"
Delaware,180,"Newark,  DE"
Delaware St.,178,"Dover,  DE"
Delaware Valley,179,"Doylestown,  PA"
Delta St.,181,"Cleveland,  MS"
Denison,182,"Granville,  OH"
Denver,183,"Denver,  CO"
DePaul,176,"Chicago,  IL"
DePauw,177,"Greencastle,  IN"
DeSales,20,"Center Valley,  PA"
Detroit,184,"Detroit,  MI"
Dickinson,185,"Carlisle,  PA"
Dickinson St.,506123,","
Dillard,501365,","
Dist. Columbia,186,"Washington,  DC"
Dixie St.,30095,"St. George,  UT"
Doane,30082,"Crete,  NE"
Doane,506020,","
Dominican (CA),30118,"San Rafael,  CA"
Dominican (IL),1332,"River Forest,  IL"
Dominican (NY),8956,"Orangeburg,  NY"
Dowling,2692,"Oakdale,  NY"
Drake,189,"Des Moines,  IA"
Drew,190,"Madison,  NJ"
Drexel,191,"Philadelphia,  PA"
Drury,1057,"Springfield,  MO"
Dubuque,192,"Dubuque,  IA"
Duke,193,"Durham,  NC"
Duquesne,194,"Pittsburgh,  PA"
Earlham,195,"Richmond,  IN"
East Carolina,196,"Greenville,  NC"
East Central,8965,"Ada,  OK"
East Stroudsburg,197,"East Stroudsburg,  PA"
East Tenn. St.,198,"Johnson City,  TN"
East Tex. Baptist,1062,"Marshall,  TX"
East. Mennonite,203,"Harrisonburg,  VA"
Eastern,8968,"St. Davids,  PA"
Eastern Conn. St.,200,"Willimantic,  CT"
Eastern Ill.,201,"Charleston,  IL"
Eastern Ky.,202,"Richmond,  KY"
Eastern Mich.,204,"Ypsilanti,  MI"
Eastern N.M.,206,"Portales,  NM"
Eastern Nazarene,1064,"Quincy,  MA"
Eastern Ore.,1065,"La Grande,  OR"
Eastern Wash.,207,"Cheney,  WA"
Eckerd,208,"St. Petersburg,  FL"
Edgewood,1066,"Madison,  WI"
Edinboro,209,"Edinboro,  PA"
Edward Waters,501555,","
Eisenhower,506234,","
Elizabeth City St.,210,"Elizabeth City,  NC"
Elizabethtown,211,"Elizabethtown,  PA"
Elmhurst,212,"Elmhurst,  IL"
Elmira,213,"Elmira,  NY"
Elms,532,"Chicopee,  MA"
Elon,1068,"Elon,  NC"
Emerson,214,"Boston,  MA"
Emmanuel (GA),30193,"Franklin Springs,  GA"
Emmanuel (MA),215,"Boston,  MA"
Emory,217,"Atlanta,  GA"
Emory & Henry,216,"Emory,  VA"
Emporia St.,1071,"Emporia,  KS"
Endicott,8981,"Beverly,  MA"
Erskine,1072,"Due West,  SC"
Eureka,218,"Eureka,  IL"
Evansville,219,"Evansville,  IN"
Evergreen St.,8984,","
Fairfield,220,"Fairfield,  CT"
Fairleigh Dickinson,222,"Teaneck,  NJ"
Fairmont St.,1076,"Fairmont,  WV"
Farmingdale St.,27892,"Farmingdale,  NY"
Fayetteville St.,223,"Fayetteville,  NC"
FDU-Florham,221,"Madison,  NJ"
Felician,23157,"Lodi,  NJ"
Ferris St.,224,"Big Rapids,  MI"
Ferrum,225,"Ferrum,  VA"
FGCU,28755,"Fort Myers,  FL"
Findlay,1079,"Findlay,  OH"
Finlandia,30032,"Hancock,  MI"
Fisk,226,"Nashville,  TN"
Fitchburg St.,227,"Fitchburg,  MA"
FIU,231,"Miami,  FL"
Fla. Atlantic,229,"Boca Raton,  FL"
Fla. Gulf Coast,506221,","
Fla. Memorial,501725,","
Fla. Southern,233,"Lakeland,  FL"
Flagler,30092,"St. Augustine,  FL"
Florida,235,"Gainesville,  FL"
Florida A&M,228,"Tallahassee,  FL"
Florida St.,234,"Tallahassee,  FL"
Florida Tech,230,"Melbourne,  FL"
Fontbonne,11538,"Saint Louis,  MO"
Fordham,236,"Bronx,  NY"
Fort Hays St.,9011,"Hays,  KS"
Fort Lewis,1083,"Durango,  CO"
Fort Valley St.,237,"Fort Valley,  GA"
Framingham St.,238,"Framingham,  MA"
Francis Marion,1085,"Florence,  SC"
Franciscan,30069,"Steubenville,  OH"
Frank. & Marsh.,239,"Lancaster,  PA"
Franklin,2694,"Franklin,  IN"
Franklin Pierce,241,"Rindge,  NH"
Fredonia,242,"Fredonia,  NY"
Fresno Pacific,30147,"Fresno,  CA"
Fresno Pacific,501818,","
Fresno St.,96,"Fresno,  CA"
Friends,501826,","
Frostburg St.,243,"Frostburg,  MD"
Furman,244,"Greenville,  SC"
Ga. Southern,253,"Statesboro,  GA"
Ga. Southwestern,1097,"Americus,  GA"
Gallaudet,245,"Washington,  DC"
Gannon,246,"Erie,  PA"
Gardner-Webb,1092,"Boiling Springs,  NC"
Geneva,30084,"Beaver Falls,  PA"
George Fox,1094,"Newberg,  OR"
George Mason,248,"Fairfax,  VA"
George Washington,249,"Washington,  DC"
George Williams,506209,","
Georgetown,251,"Washington,  DC"
Georgetown (KY),506003,","
Georgia,257,"Athens,  GA"
Georgia College,1096,"Milledgeville,  GA"
Georgia St.,254,"Atlanta,  GA"
Georgia Tech,255,"Atlanta,  GA"
Georgian Court,9004,"Lakewood,  NJ"
Gettysburg,258,"Gettysburg,  PA"
Glenville St.,1098,"Glenville,  WV"
Goldey-Beacom,8366,"Wilmington,  DE"
Gonzaga,260,"Spokane,  WA"
Gordon,1099,"Wenham,  MA"
Goshen,501955,","
Goucher,1467,"Baltimore,  MD"
Grace (IN),501960,","
Graceland (IA),506062,","
Grambling,261,"Grambling,  LA"
Grand Canyon,1104,"Phoenix,  AZ"
Grand Valley St.,262,"Allendale,  MI"
Green Bay,794,"Green Bay,  WI"
Green Mountain,11062,"Poultney,  VT"
Greensboro,263,"Greensboro,  NC"
Greenville,1111,"Greenville,  IL"
Grinnell,264,"Grinnell,  IA"
Grove City,265,"Grove City,  PA"
GRU Augusta,39,"Augusta,  GA"
Guilford,1112,"Greensboro,  NC"
Gust. Adolphus,266,"Saint Peter,  MN"
Gwynedd Mercy,12399,"Gwynedd Valley,  PA"
Hamilton,267,"Clinton,  NY"
Hamline,268,"St. Paul,  MN"
Hampden-Sydney,269,"Hampden-Sydney,  VA"
Hampton,270,"Hampton,  VA"
Hanover,1115,"Hanover,  IN"
Hardin-Simmons,271,"Abilene,  TX"
Harding,1116,"Searcy,  AR"
Hartford,272,"West Hartford,  CT"
Hartwick,273,"Oneonta,  NY"
Harvard,275,"Boston,  MA"
Hastings,30113,"Hastings,  NE"
Haverford,276,"Haverford,  PA"
Hawaii,277,"Honolulu,  HI"
Hawaii Hilo,2697,"Hilo,  HI"
Hawaii Pacific,2696,"Honolulu,  HI"
Hawthorne,502100,","
Heidelberg,278,"Tiffin,  OH"
Hellenic,502112,","
Henderson St.,1123,"Arkadelphia,  AR"
Hendrix,1124,"Conway,  AR"
High Point,19651,"High Point,  NC"
Hilbert,8398,"Hamburg,  NY"
Hillsdale,280,"Hillsdale,  MI"
Hiram,281,"Hiram,  OH"
Hobart,282,"Geneva,  NY"
Hofstra,283,"Hempstead,  NY"
Hollins,284,"Roanoke,  VA"
Holy Cross,285,"Worcester,  MA"
Holy Cross (IN),506345,","
Holy Family,1126,"Philadelphia,  PA"
Holy Names,30175,"Oakland,  CA"
Hood,8404,"Frederick,  MD"
Hope,286,"Holland,  MI"
Houghton,30160,"Houghton,  NY"
Houston,288,"Houston,  TX"
Houston Baptist,287,"Houston,  TX"
Howard,290,"Washington,  DC"
Howard College,506444,","
Howard Payne,2741,"Brownwood,  TX"
Humboldt St.,291,"Arcata,  CA"
Hunter,292,"New York,  NY"
Huntingdon,1130,"Montgomery,  AL"
Huntington,502195,","
Husson,1133,"Bangor,  ME"
Huston-Tillotson,502215,","
Idaho,295,"Moscow,  ID"
Idaho St.,294,"Pocatello,  ID"
IIT,502260,","
Ill. Central,502239,","
Ill. Wesleyan,300,"Bloomington,  IL"
Ill.-Chicago,302,"Chicago,  IL"
Ill.-Springfield,30050,"Springfield,  IL"
Ill.-Springfield,506079,","
Illinois,301,"Champaign,  IL"
Illinois Col.,297,"Jacksonville,  IL"
Illinois St.,299,"Normal,  IL"
Immaculata,303,"Immaculata,  PA"
Incarnate Word,2743,"San Antonio,  TX"
Indiana,306,"Bloomington,  IN"
Indiana (PA),307,"Indiana,  PA"
Indiana St.,305,"Terre Haute,  IN"
Indiana Tech,502330,","
Indianapolis,309,"Indianapolis,  IN"
Iona,310,"New Rochelle,  NY"
Iowa,312,"Iowa City,  IA"
Iowa St.,311,"Ames,  IA"
Iowa Wesleyan,506037,","
Iowa Wesleyan,30173,"Mount Pleasant,  IA"
IPFW,308,"Fort Wayne,  IN"
Ithaca,313,"Ithaca,  NY"
IUPUI,2699,"Indianapolis,  IN"
Jackson St.,314,"Jackson,  MS"
Jacksonville,316,"Jacksonville,  FL"
Jacksonville St.,315,"Jacksonville,  AL"
James Madison,317,"Harrisonburg,  VA"
Jamestown,506057,","
Jarvis Christian,506004,","
John Carroll,320,"University Heights,  OH"
John Jay,321,"New York,  NY"
Johns Hopkins,322,"Baltimore,  MD"
Johnson & Wales (RI),22626,"Providence,  RI"
Johnson C. Smith,323,"Charlotte,  NC"
Johnson St.,324,"Johnson,  VT"
Juniata,325,"Huntingdon,  PA"
Kalamazoo,326,"Kalamazoo,  MI"
Kan. Wesleyan,506103,","
Kansas,328,"Lawrence,  KS"
Kansas St.,327,"Manhattan,  KS"
Kean,329,"Union,  NJ"
Keene St.,330,"Keene,  NH"
Kennesaw St.,1157,"Kennesaw,  GA"
Kent St.,331,"Kent,  OH"
Kentucky,334,"Lexington,  KY"
Kentucky St.,332,"Frankfort,  KY"
Kenyon,335,"Gambier,  OH"
Keuka,1159,"Keuka Park,  NY"
Keystone,30047,"La Plume,  PA"
King (TN),30051,"Bristol,  TN"
King's (NY),502530,","
King's (PA),336,"Wilkes-Barre,  PA"
Knox,337,"Galesburg,  IL"
Knoxville,506038,","
Kutztown,339,"Kutztown,  PA"
Ky. Wesleyan,333,"Owensboro,  KY"
La Roche,1163,"Pittsburgh,  PA"
La Salle,340,"Philadelphia,  PA"
La Sierra,30043,"Riverside,  CA"
La Verne,341,"La Verne,  CA"
La.-Lafayette,671,"Lafayette,  LA"
La.-Monroe,498,"Monroe,  LA"
Lafayette,342,"Easton,  PA"
LaGrange,1162,"LaGrange,  GA"
Lake Erie,2746,"Painesville,  OH"
Lake Forest,344,"Lake Forest,  IL"
Lake Superior St.,345,"Sault Ste. Marie,  MI"
Lakeland,1164,"Sheboygan,  WI"
Lamar,346,"Beaumont,  TX"
Lambuth,1165,"Jackson,  TN"
Lancaster Bible,30085,"Lancaster,  PA"
Lander,1167,"Greenwood,  SC"
Lane,347,"Jackson,  TN"
Langston,30077,"Langston,  OK"
Lasell,8486,"Newton,  MA"
Lawrence,348,"Appleton,  WI"
Le Moyne,349,"Syracuse,  NY"
Lebanon Valley,351,"Annville,  PA"
Lee,30013,"Cleveland,  TN"
Lees-McRae,13302,"Banner Elk,  NC"
Lehigh,352,"Bethlehem,  PA"
Lehman,279,"Bronx,  NY"
LeMoyne-Owen,350,"Memphis,  TN"
Lenoir-Rhyne,1170,"Hickory,  NC"
Lesley ,24317,"Cambridge,  MA"
LeTourneau,8490,"Longview,  TX"
Lewis,354,"Romeoville,  IL"
Lewis & Clark,22235,"Portland,  OR"
Lewis-Clark St.,1172,","
Liberty,355,"Lynchburg,  VA"
Limestone,1174,"Gaffney,  SC"
Lincoln (MO),356,"Jefferson City,  MO"
Lincoln (PA),357,"Lincoln University,  PA"
Lincoln Christian,30066,"Lincoln,  IL"
Lincoln Memorial,1176,"Harrogate,  TN"
Lindenwood (MO),502725,","
Lindenwood (MO),30136,"St. Charles,  MO"
Linfield,1179,"Mc Minnville,  OR"
Lipscomb,28600,"Nashville,  TN"
LIU Brooklyn,361,"Brooklyn,  NY"
LIU Post,362,"Brookville,  NY"
Livingstone,359,"Salisbury,  NC"
Lock Haven,360,"Lock Haven,  PA"
Long Beach St.,99,"Long Beach,  CA"
Longwood,363,"Farmville,  VA"
Loras,364,"Dubuque,  IA"
Los Angeles Pacific,506442,","
Louisiana Col.,1182,"Pineville,  LA"
Louisiana Tech,366,"Ruston,  LA"
Louisville,367,"Louisville,  KY"
Loyola (LA),502812,","
Loyola Chicago,371,"Chicago,  IL"
Loyola Maryland,369,"Baltimore,  MD"
Loyola Marymount,370,"Los Angeles,  CA"
LSU,365,"Baton Rouge,  LA"
LSU-Shreveport,502787,","
Lubbock Christian,30177,"Lubbock,  TX"
Luther,372,"Decorah,  IA"
Lycoming,373,"Williamsport,  PA"
Lynchburg,374,"Lynchburg,  VA"
Lyndon St.,30065,"Lyndonville,  VT"
Lynn,20794,"Boca Raton,  FL"
Macalester,376,"St. Paul,  MN"
MacMurray,377,"Jacksonville,  IL"
Maine,380,"Orono,  ME"
Maine Maritime,378,"Castine,  ME"
Malone,30137,"Canton,  OH"
Malone,502910,","
Manchester,1192,"North Manchester,  IN"
Manhattan,381,"Riverdale,  NY"
Manhattanville,382,"Purchase,  NY"
Mansfield,384,"Mansfield,  PA"
Maranatha Baptist,1194,"Watertown,  WI"
Marian (IN),502945,","
Marian (WI),1196,"Fond Du Lac,  WI"
Marietta,385,"Marietta,  OH"
Marist,386,"Poughkeepsie,  NY"
Marquette,387,"Milwaukee,  WI"
Mars Hill,1199,"Mars Hill,  NC"
Marshall,388,"Huntington,  WV"
Martin Luther,8597,"New Ulm,  MN"
Mary,30075,"Bismarck,  ND"
Mary Baldwin,389,"Staunton,  VA"
Mary Hardin-Baylor,1203,"Belton,  TX"
Mary Washington,390,"Fredericksburg,  VA"
Maryland,392,"College Park,  MD"
Marymount (VA),394,"Arlington,  VA"
Maryville (MO),395,"St. Louis,  MO"
Maryville (TN),396,"Maryville,  TN"
Marywood,397,"Scranton,  PA"
Mass. Maritime,399,"Buzzards Bay,  MA"
Massachusetts,400,"Amherst,  MA"
McDaniel,773,"Westminster,  MD"
McGill,503037,","
McKendree,503040,","
McKendree,30138,"Lebanon,  IL"
MCLA,486,"North Adams,  MA"
McMurry,8530,"Abilene,  TX"
McNeese St.,402,"Lake Charles,  LA"
McPherson,506039,","
Me.-Farmington,379,"Farmington,  ME"
Me.-Presque Isle,30040,"Presque Isle,  ME"
Medaille,23725,"Buffalo,  NY"
Medgar Evers,403,"Brooklyn,  NY"
Memphis,404,"Memphis,  TN"
Menlo,405,"Atherton,  CA"
Meramec CC,506395,","
Mercer,406,"Macon,  GA"
Merchant Marine,724,"Kings Point,  NY"
Mercy,407,"Dobbs Ferry,  NY"
Mercyhurst,408,"Erie,  PA"
Meredith,409,"Raleigh,  NC"
Merrimack,410,"North Andover,  MA"
Messiah,411,"Mechanicsburg,  PA"
Methodist,412,"Fayetteville,  NC"
Metro St.,413,"Denver,  CO"
Miami (FL),415,"Coral Gables,  FL"
Miami (OH),414,"Oxford,  OH"
Miami Dade North JC,506396,","
Miami Dade South JC,506399,","
Michigan,418,"Ann Arbor,  MI"
Michigan St.,416,"East Lansing,  MI"
Michigan Tech,417,"Houghton,  MI"
Middle Tenn.,419,"Murfreesboro,  TN"
Middlebury,420,"Middlebury,  VT"
Midland,506060,","
Midwestern (IA),506398,","
Midwestern St.,1222,"Wichita Falls,  TX"
Miles,422,"Fairfield,  AL"
Millersville,423,"Millersville,  PA"
Milligan,503195,","
Millikin,424,"Decatur,  IL"
Mills,425,"Oakland,  CA"
Millsaps,426,"Jackson,  MS"
Milwaukee,797,"Milwaukee,  WI"
Minn. Duluth,427,"Duluth,  MN"
Minn. St. Mankato,383,"Mankato,  MN"
Minn. St. Moorhead,1240,"Moorhead,  MN"
Minn.-Crookston,27854,"Crookston,  MN"
Minn.-Morris,1226,"Morris,  MN"
Minnesota,428,"Minneapolis,  MN"
Minot St.,30125,"Minot,  ND"
Misericordia,16142,"Dallas,  PA"
Miss. Industrial,503245,","
Mississippi Col.,429,"Clinton,  MS"
Mississippi St.,430,"Mississippi State,  MS"
Mississippi Val.,432,"Itta Bena,  MS"
Missouri,434,"Columbia,  MO"
Missouri S&T,435,"Rolla,  MO"
Missouri St.,669,"Springfield,  MO"
Missouri Valley,506068,","
MIT,398,"Cambridge,  MA"
Mitchell,30042,"New London,  CT"
Mo. Baptist,503262,","
Mo. Southern St.,9012,"Joplin,  MO"
Mo. Western St.,9013,"St. Joseph,  MO"
Mo.-St. Louis,436,"St. Louis,  MO"
Molloy,437,"Rockville Centre,  NY"
Monmouth,439,"West Long Branch,  NJ"
Monmouth (IL),438,"Monmouth,  IL"
Mont. St. Billings,205,"Billings,  MT"
Montana,441,"Missoula,  MT"
Montana St.,440,"Bozeman,  MT"
Montana Tech,506022,","
Montclair St.,442,"Montclair,  NJ"
Montevallo,1238,"Montevallo,  AL"
Moravian,443,"Bethlehem,  PA"
Morehead St.,444,"Morehead,  KY"
Morehouse,445,"Atlanta,  GA"
Morgan St.,446,"Baltimore,  MD"
Morningside,447,"Sioux City,  IA"
Morris,503365,","
Morris Brown,448,"Atlanta,  GA"
Morrisville St.,30067,"Morrisville,  NY"
Mount Aloysius,30036,"Cresson,  PA"
Mount Holyoke,449,"South Hadley,  MA"
Mount Ida,27901,"Newton,  MA"
Mount Mary,30033,"Milwaukee,  WI"
Mount Olive,1245,"Mount Olive,  NC"
Mount Union,452,"Alliance,  OH"
MSOE,20220,"Milwaukee,  WI"
Mt. Aloysius,506043,","
Mt. St. Joseph,8567,"Cincinnati,  OH"
Mt. St. Mary (NY),1468,"Newburgh,  NY"
Mt. St. Mary's,450,"Emmitsburg,  MD"
Mt. St. Vincent,451,"Bronx,  NY"
Muhlenberg,453,"Allentown,  PA"
Murray St.,454,"Murray,  KY"
Muskingum,455,"New Concord,  OH"
MUW,431,"Columbus,  MS"
N.C. A&T,488,"Greensboro,  NC"
N.C. Central,489,"Durham,  NC"
N.C. Wesleyan,491,"Rocky Mount,  NC"
N.M. Highlands,8577,"Las Vegas,  NM"
Nasson,503430,","
Navy,726,"Annapolis,  MD"
Nazareth,461,"Rochester,  NY"
Neb. Wesleyan,462,"Lincoln,  NE"
Neb.-Kearney,1156,"Kearney,  NE"
Nebraska,463,"Lincoln,  NE"
Neumann,1254,"Aston,  PA"
Nevada,466,"Reno,  NV"
New England Col.,467,"Henniker,  NH"
New Hampshire,469,"Durham,  NH"
New Haven,470,"West Haven,  CT"
New Jersey City,319,"Jersey City,  NJ"
New Mexico,473,"Albuquerque,  NM"
New Mexico St.,472,"Las Cruces,  NM"
New Orleans,474,"New Orleans,  LA"
New Rochelle,476,"New Rochelle,  NY"
Newberry,1257,"Newberry,  SC"
Newbury,21772,"Brookline,  MA"
Newman,30054,"Wichita,  KS"
Niagara,482,"Niagara University,  NY"
Nicholls St.,483,"Thibodaux,  LA"
Nichols,484,"Dudley,  MA"
NJIT,471,"Newark,  NJ"
Norfolk St.,485,"Norfolk,  VA"
North Ala.,487,"Florence,  AL"
North Carolina,457,"Chapel Hill,  NC"
North Carolina St.,490,"Raleigh,  NC"
North Central (IL),492,"Naperville,  IL"
North Central (MN),30039,"Minneapolis,  MN"
North Dakota,494,"Grand Forks,  ND"
North Dakota St.,493,"Fargo,  ND"
North Florida,2711,"Jacksonville,  FL"
North Georgia,30052,"Dahlonega,  GA"
North Georgia,503660,","
North Greenville,9223,"Tigerville,  SC"
North Park,496,"Chicago,  IL"
North Texas,497,"Denton,  TX"
Northeastern,500,"Boston,  MA"
Northeastern Ill.,1263,","
Northeastern St.,12810,"Tahlequah,  OK"
Northern Ariz.,501,"Flagstaff,  AZ"
Northern Colo.,502,"Greeley,  CO"
Northern Ill.,503,"De Kalb,  IL"
Northern Ky.,505,"Highland Heights,  KY"
Northern Mich.,506,"Marquette,  MI"
Northern St.,1266,"Aberdeen,  SD"
Northland,1267,"Ashland,  WI"
Northwest Mo. St.,507,"Maryville,  MO"
Northwest Nazarene,1274,"Nampa,  ID"
Northwestern,509,"Evanston,  IL"
Northwestern (IA),506072,","
Northwestern Okla.,506013,","
Northwestern Okla.,30178,"Alva,  OK"
Northwestern St.,508,"Natchitoches,  LA"
Northwestern-St.Paul,30031,"St. Paul,  MN"
Northwood (MI),510,"Midland,  MI"
Norwich,511,"Northfield,  VT"
Notre Dame,513,"Notre Dame,  IN"
Notre Dame (MD),8600,"Baltimore,  MD"
Notre Dame (OH),30126,"Cleveland,  OH"
Notre Dame de Namur,30056,"Belmont,  CA"
Nova Southeastern,24639,"Fort Lauderdale,  FL"
Nyack,1277,"Nyack,  NY"
NYIT,477,"Old Westbury,  NY"
NYU,479,"New York,  NY"
Oakland,514,"Rochester,  MI"
Oakland City,1278,"Oakland City,  IN"
Oberlin,515,"Oberlin,  OH"
Occidental,516,"Los Angeles,  CA"
Oglethorpe,2713,"Atlanta,  GA"
Ohio,519,"Athens,  OH"
Ohio Dominican,30119,"Columbus,  OH"
Ohio Northern,517,"Ada,  OH"
Ohio St.,518,"Columbus,  OH"
Ohio Valley,15207,"Vienna,  WV"
Ohio Wesleyan,520,"Delaware,  OH"
Okla. Baptist,503895,","
Okla. Christian,30179,"Edmond,  OK"
Okla. Panhandle,24342,"Goodwell,  OK"
Oklahoma,522,"Norman,  OK"
Oklahoma City,503905,","
Oklahoma St.,521,"Stillwater,  OK"
Old Dominion,523,"Norfolk,  VA"
Old Westbury,524,"Old Westbury,  NY"
Ole Miss,433,"University,  MS"
Olivet,525,"Olivet,  MI"
Omaha,464,"Omaha,  NE"
Oral Roberts,527,"Tulsa,  OK"
Oregon,529,"Eugene,  OR"
Oregon St.,528,"Corvallis,  OR"
Oregon Tech,500078,","
Oswego St.,530,"Oswego,  NY"
Ottawa,506046,","
Otterbein,531,"Westerville,  OH"
Ouachita Baptist,1289,"Arkadelphia,  AR"
Ozarks (AR),23008,"Clarksville,  AR"
P.R.-Bayamon,2682,"Bayamon,  PR"
P.R.-Cayey,1321,"Cayey,  PR"
P.R.-Humacao,27859,"Humacao          ,  PR"
P.R.-Mayaguez,24361,"Mayaguez,  PR"
P.R.-Rio Piedras,2716,"San Juan,  PR"
Pace,533,"Pleasantville,  NY"
Pacific,534,"Stockton,  CA"
Pacific (OR),2751,"Forest Grove,  OR"
Pacific Lutheran,1297,"Tacoma,  WA"
Paine,535,"Augusta,  GA"
Palm Beach Atl.,504035,","
Palm Beach Atl.,30045,"West Palm Beach,  FL"
Park,504050,","
Parsons,506252,","
Paul Quinn,504055,","
Penn,540,"Philadelphia,  PA"
Penn College,30190,"Williamsport,  PA"
Penn College,506288,","
Penn St.,539,"University Park,  PA"
Penn St. Harrisburg,30081,"Middletown,  PA"
Penn St.-Abington,30114,"Abington,  PA"
Penn St.-Altoona,25719,"Altoona,  PA"
Penn St.-Behrend,538,"Erie,  PA"
Penn St.-Berks,30044,"Reading,  PA"
Pepperdine,541,"Malibu,  CA"
Pershing,506235,","
Peru St.,506008,","
Pfeiffer,542,"Misenheimer,  NC"
Philadelphia U.,543,"Philadelphia,  PA"
Philander Smith,504115,","
Piedmont,21830,"Demorest,  GA"
Pikeville,504135,","
Pine Manor,544,"Chestnut Hill,  MA"
Pitt.-Bradford,1315,"Bradford,  PA"
Pitt.-Greensburg,11839,"Greensburg,  PA"
Pitt.-Johnstown,546,"Johnstown,  PA"
Pittsburg St.,1314,"Pittsburg,  KS"
Pittsburgh,545,"Pittsburgh,  PA"
Plattsburgh St.,547,"Plattsburgh,  NY"
Plymouth St.,548,"Plymouth,  NH"
Point Loma,30149,"San Diego,  CA"
Point Park,30080,"Pittsburgh,  PA"
Point U.,500270,","
Polytechnic (NY),481,"Brooklyn,  NY"
Pomona-Pitzer,549,"Claremont,  CA"
Portland,551,"Portland,  OR"
Portland St.,550,"Portland,  OR"
Post,1318,"Waterbury,  CT"
Prairie View,553,"Prairie View,  TX"
Pratt,504205,","
Presbyterian,1320,"Clinton,  SC"
Presentation,30034,"Aberdeen,  SD"
Princeton,554,"Princeton,  NJ"
Principia,555,"Elsah,  IL"
Providence,556,"Providence,  RI"
Puget Sound,557,"Tacoma,  WA"
Purchase,30029,"Purchase,  NY"
Purdue,559,"West Lafayette,  IN"
Purdue-Calumet,504255,","
Quantico Marines,506441,","
Queens (NC),11504,"Charlotte,  NC"
Queens (NY),560,"Queens,  NY"
Quincy,561,"Quincy,  IL"
Quinnipiac,562,"Hamden,  CT"
Radford,563,"Radford,  VA"
Ramapo,564,"Mahwah,  NJ"
Randolph,566,"Lynchburg,  VA"
Randolph-Macon,565,"Ashland,  VA"
Redlands,567,"Redlands,  CA"
Regis (CO),568,"Denver,  CO"
Regis (MA),569,"Weston,  MA"
Rensselaer,570,"Troy,  NY"
Rhode Island,572,"Kingston,  RI"
Rhode Island Col.,571,"Providence,  RI"
Rhodes,573,"Memphis,  TN"
Rice,574,"Houston,  TX"
Richard Stockton,681,"Galloway,  NJ"
Richmond,575,"Richmond,  VA"
Ricker,506225,","
Rider,576,"Lawrenceville,  NJ"
Rio Grande,504350,","
Ripon,577,"Ripon,  WI"
Rivier,18422,"Nashua,  NH"
Roanoke,578,"Salem,  VA"
Robert Morris,579,"Moon Township,  PA"
Roberts Wesleyan,504365,","
Roberts Wesleyan,30150,"Rochester,  NY"
Rochester (NY),581,"Rochester,  NY"
Rochester College,503129,","
Rochester Inst.,580,"Rochester,  NY"
Rockford,582,"Rockford,  IL"
Rockhurst,1328,"Kansas City,  MO"
Rocky Mountain,506025,","
Roger Williams,583,"Bristol,  RI"
Rogers St.,30180,"Claremore,  OK"
Rollins,584,"Winter Park,  FL"
Roosevelt,504410,","
Rose-Hulman,585,"Terre Haute,  IN"
Rosemont,15882,"Rosemont,  PA"
Rowan,259,"Glassboro,  NJ"
Rust,586,"Holly Springs,  MS"
Rutgers,587,"New Brunswick,  NJ"
Rutgers-Camden,588,"Camden,  NJ"
Rutgers-Newark,589,"Newark,  NJ"
S.C. Aiken,11276,"Aiken,  SC"
Sacramento St.,102,"Sacramento,  CA"
Sacred Heart,590,"Fairfield,  CT"
Sacred Heart (PR),504446,","
Sage Colleges,11036,"Troy,  NY"
Saginaw Valley,591,"University Center,  MI"
Saint Augustine's,594,"Raleigh,  NC"
Saint Benedict,595,"St. Joseph,  MN"
Saint Francis (PA),600,"Loretto,  PA"
Saint John's (MN),602,"Collegeville,  MN"
Saint Joseph's,606,"Philadelphia,  PA"
Saint Leo,608,"Saint Leo,  FL"
Saint Louis,609,"St. Louis,  MO"
Saint Martin's,1343,"Lacey,  WA"
Saint Mary's (MN),612,"Winona,  MN"
Saint Michael's,613,"Colchester,  VT"
Saint Peter's,617,"Jersey City,  NJ"
Saint Rose,1347,"Albany,  NY"
Saint Vincent,30064,"Latrobe,  PA"
Salem,30041,"Winston-Salem,  NC"
Salem Int'l,19117,"Salem,  WV"
Salem St.,621,"Salem,  MA"
Salisbury,622,"Salisbury,  MD"
Salve Regina,623,"Newport,  RI"
Sam Houston St.,624,"Huntsville,  TX"
Samford,625,"Birmingham,  AL"
San Diego,627,"San Diego,  CA"
San Diego Christian,502122,","
San Diego St.,626,"San Diego,  CA"
San Fran. St.,628,"San Francisco,  CA"
San Francisco,629,"San Francisco,  CA"
San Jose St.,630,"San Jose,  CA"
Santa Clara,631,"Santa Clara,  CA"
Sarah Lawrence,30163,"Bronxville,  NY"
Savannah St.,632,"Savannah,  GA"
SCAD,16006,"Savannah,  GA"
Schreiner,1355,"Kerrville,  TX"
Scranton,633,"Scranton,  PA"
Seattle,1356,"Seattle,  WA"
Seattle Pacific,634,"Seattle,  WA"
Seton Hall,635,"South Orange,  NJ"
Seton Hill,504752,","
Seton Hill,30063,"Greensburg,  PA"
Sewanee,652,"Sewanee,  TN"
Shaw,636,"Raleigh,  NC"
Shenandoah,637,"Winchester,  VA"
Shepherd,10870,"Shepherdstown,  WV"
Shippensburg,638,"Shippensburg,  PA"
Shorter,30151,"Rome,  GA"
Shorter,504790,","
Si Tanka,506102,","
Siena,639,"Loudonville,  NY"
Simmons,640,"Boston,  MA"
Simon Fraser,30127,"Burnaby,  BC"
Simpson,641,"Indianola,  IA"
Simpson (CA),504809,","
Sioux Falls,30128,"Sioux Falls,  SD"
SIUE,660,"Edwardsville,  IL"
Skidmore,642,"Saratoga Springs,  NY"
Slippery Rock,643,"Slippery Rock,  PA"
Smith,644,"Northampton,  MA"
SMU,663,"Dallas,  TX"
Sonoma St.,645,"Rohnert Park,  CA"
South Ala.,646,"Mobile,  AL"
South Carolina,648,"Columbia,  SC"
South Carolina St.,647,"Orangeburg,  SC"
South Dakota,650,"Vermillion,  SD"
South Dakota Mines,30139,"Rapid City,  SD"
South Dakota Mines,506067,","
South Dakota St.,649,"Brookings,  SD"
South Fla.,651,"Tampa,  FL"
Southampton,2753,"Southampton,  NY"
Southeast Mo. St.,654,"Cape Girardeau,  MO"
Southeastern La.,655,"Hammond,  LA"
Southeastern Okla.,1371,"Durant,  OK"
Southern Ark.,1376,"Magnolia,  AR"
Southern California,657,"Los Angeles,  CA"
Southern Conn. St.,658,"New Haven,  CT"
Southern Ill.,659,"Carbondale,  IL"
Southern Ind.,661,"Evansville,  IN"
Southern Me.,662,"Gorham,  ME"
Southern Miss.,664,"Hattiesburg,  MS"
Southern N.H.,468,"Manchester,  NH"
Southern Nazarene,30152,"Bethany,  OK"
Southern Ore.,506027,","
Southern St.,506198,","
Southern Tech,504970,","
Southern U.,665,"Baton Rouge,  LA"
Southern Utah,667,"Cedar City,  UT"
Southern Va.,30164,"Buena Vista,  VA"
Southern Vt.,1379,"Bennington,  VT"
Southern Wesleyan,30192,"Central,  SC"
Southern-N.O.,504980,","
Southwest (NM),506012,","
Southwest Baptist,2755,"Bolivar,  MO"
Southwest Minn. St.,8736,"Marshall,  MN"
Southwestern (KS),506063,","
Southwestern (TX),8746,"Georgetown,  TX"
Southwestern Okla.,8744,"Weatherford,  OK"
Spalding,23260,"Louisville,  KY"
Spalding,505038,","
Spelman,26973,"Atlanta,  GA"
Spring Arbor,505040,","
Spring Garden,506256,","
Spring Hill,505050,","
Spring Hill,30191,"Mobile,  AL"
Springfield,673,"Springfield,  MA"
St. Ambrose,506002,","
St. Andrews,592,"Laurinburg,  NC"
St. Anselm,593,"Manchester,  NH"
St. Bernard,506397,","
St. Bonaventure,596,"St. Bonaventure,  NY"
St. Catherine,597,"St. Paul,  MN"
St. Cloud St.,598,"St. Cloud,  MN"
St. Edward's,1334,"Austin,  TX"
St. Elizabeth,9684,"Morristown,  NJ"
St. Francis (IL),1335,","
St. Francis (IN),504500,","
St. Francis Brooklyn,599,"Brooklyn Heights,  NY"
St. John Fisher,601,"Rochester,  NY"
St. John's (NY),603,"Queens,  NY"
St. Joseph (CT),8687,"West Hartford,  CT"
St. Joseph's (Brkln),30072,"Brooklyn,  NY"
St. Joseph's (IN),604,"Rensselaer,  IN"
St. Joseph's (L.I.),1340,"Patchogue,  NY"
St. Joseph's (ME),605,"Standish,  ME"
St. Lawrence,607,"Canton,  NY"
St. Mary (KS),506064,","
St. Mary's (CA),610,"Moraga,  CA"
St. Mary's (IN),8688,"Notre Dame,  IN"
St. Mary's (MD),611,"St. Mary's City,  MD"
St. Mary's (TX),1346,"San Antonio,  TX"
St. Mary-Plains,506108,","
St. Norbert,614,"De Pere,  WI"
St. Olaf,615,"Northfield,  MN"
St. Paul's,506411,","
St. Paul's,616,"Lawrenceville,  VA"
St. Procopius,506257,","
St. Scholastica,618,"Duluth,  MN"
St. Thomas (FL),30091,"Miami Gardens,  FL"
St. Thomas (MN),620,"St. Paul,  MN"
St. Thomas Aquinas,1348,"Sparkill,  NY"
Stanford,674,"Stanford,  CA"
Staten Island,675,"Staten Island,  NY"
Stephen F. Austin,676,"Nacogdoches,  TX"
Stephens College,2756,"Columbia,  MO"
Sterling (KS),506073,","
Stetson,678,"DeLand,  FL"
Steubenville,505090,","
Stevens,679,"Hoboken,  NJ"
Stevenson,21852,"Stevenson,  MD"
Stillman,680,"Tuscaloosa,  AL"
Stonehill,682,"Easton,  MA"
Stony Brook,683,"Stony Brook,  NY"
Suffolk,684,"Boston,  MA"
Sul Ross St.,1390,"Alpine,  TX"
SUNY Canton,30165,"Canton,  NY"
SUNY Cortland,168,"Cortland,  NY"
SUNY Geneseo,247,"Geneseo,  NY"
SUNY Geneva,506001,","
SUNY Maritime,478,"Throggs Neck,  NY"
SUNY New Paltz,475,"New Paltz,  NY"
SUNY Oneonta,526,"Oneonta,  NY"
SUNY Poly,9500,"Utica,  NY"
SUNY Potsdam,552,"Potsdam,  NY"
Susquehanna,685,"Selinsgrove,  PA"
Swarthmore,686,"Swarthmore,  PA"
Sweet Briar,687,"Sweet Briar,  VA"
Syracuse,688,"Syracuse,  NY"
Tabor,506050,","
Talladega,505160,","
Tampa,689,"Tampa,  FL"
Tarkio,506230,","
Tarleton St.,1395,"Stephenville,  TX"
Taylor (IN),506071,","
TCNJ,712,"Ewing,  NJ"
TCU,698,"Fort Worth,  TX"
Temple,690,"Philadelphia,  PA"
Tennessee,694,"Knoxville,  TN"
Tennessee St.,691,"Nashville,  TN"
Tennessee Tech,692,"Cookeville,  TN"
Tex. A&M Int'l,30090,"Laredo,  TX"
Tex. A&M-Commerce,199,"Commerce,  TX"
Tex. A&M-Kingsville,696,"Kingsville,  TX"
Tex. Permian Basin,30088,"Odessa,  TX"
Tex.-Pan American,536,"Edinburg,  TX"
Texas,703,"Austin,  TX"
Texas A&M,697,"College Station,  TX"
Texas Col.,505260,","
Texas Lutheran,1400,"Seguin,  TX"
Texas Southern,699,"Houston,  TX"
Texas St.,670,"San Marcos,  TX"
Texas Tech,700,"Lubbock,  TX"
Texas Wesleyan,1401,"Fort Worth,  TX"
Texas Woman's,701,"Denton,  TX"
Texas-Arlington,702,"Arlington,  TX"
Texas-Dallas,23121,"Richardson,  TX"
Texas-Tyler,506226,","
Texas-Tyler,30028,"Tyler,  TX"
Thiel,707,"Greenville,  PA"
Thomas (ME),2758,"Waterville,  ME"
Thomas More,1402,"Crestview Hills,  KY"
Tiffin,1403,"Tiffin,  OH"
Toledo,709,"Toledo,  OH"
Tougaloo,505310,","
Towson,711,"Towson,  MD"
Transylvania,28749,"Lexington,  KY"
Trevecca Nazarene,30002,"Nashville,  TN"
Trine,505355,","
Trine,30037,"Angola,  IN"
Trinity (CT),713,"Hartford,  CT"
Trinity (IL),505340,","
Trinity (TX),715,"San Antonio,  TX"
Trinity Washington,23413,"Washington,  DC"
Troy,716,"Troy,  AL"
Truman,499,"Kirksville,  MO"
Tufts,717,"Medford,  MA"
Tulane,718,"New Orleans,  LA"
Tulsa,719,"Tulsa,  OK"
Tusculum,12830,"Greeneville,  TN"
Tuskegee,720,"Tuskegee,  AL"
U New England,1255,"Biddeford,  ME"
UAB,9,"Birmingham,  AL"
UALR,32,"Little Rock,  AR"
UC Davis,108,"Davis,  CA"
UC Irvine,109,"Irvine,  CA"
UC Riverside,111,"Riverside,  CA"
UC San Diego,112,"La Jolla,  CA"
UC Santa Barbara,104,"Santa Barbara,  CA"
UC Santa Cruz,113,"Santa Cruz,  CA"
UC-Colo. Springs,9754,"Colorado Springs,  CO"
UCF,128,"Orlando,  FL"
UCLA,110,"Los Angeles,  CA"
UConn,164,"Storrs,  CT"
UMass Boston,401,"Boston,  MA"
UMass Dartmouth,656,"North Dartmouth,  MA"
UMass Lowell,368,"Lowell,  MA"
UMBC,391,"Baltimore,  MD"
UMES,393,"Princess Anne,  MD"
UMKC,2707,"Kansas City,  MO"
UNC Asheville,456,"Asheville,  NC"
UNC Greensboro,459,"Greensboro,  NC"
UNC Pembroke,537,"Pembroke,  NC"
UNCW,460,"Wilmington,  NC"
UNI,504,"Cedar Falls,  IA"
Union (KY),506105,","
Union (NY),727,"Schenectady,  NY"
Union (TN),505405,","
Union (TN),30153,"Jackson,  TN"
UNLV,465,"Las Vegas,  NV"
Upper Iowa,728,"Fayette,  IA"
Upsala,506217,","
Urbana,30104,"Urbana,  OH"
Ursinus,730,"Collegeville,  PA"
Ursuline,30140,"Pepper Pike,  OH"
USC Upstate,10411,"Spartanburg,  SC"
USciences,28594,"Philadelphia,  PA"
UT Martin,695,"Martin,  TN"
Utah,732,"Salt Lake City,  UT"
Utah St.,731,"Logan,  UT"
Utah Valley,30024,"Orem,  UT"
UTEP,704,"El Paso,  TX"
Utica,733,"Utica,  NY"
UTSA,706,"San Antonio,  TX"
UVa-Wise,30181,"Wise,  VA"
Va. Wesleyan,745,"Norfolk,  VA"
Valdosta St.,734,"Valdosta,  GA"
Valley City St.,506055,","
Valley Forge,30166,"Phoenixville,  PA"
Valparaiso,735,"Valparaiso,  IN"
Vanderbilt,736,"Nashville,  TN"
Vassar,737,"Poughkeepsie,  NY"
VCU,740,"Richmond,  VA"
Vermont,738,"Burlington,  VT"
Villanova,739,"Villanova,  PA"
Virginia,746,"Charlottesville,  VA"
Virginia St.,743,"Petersburg,  VA"
Virginia Tech,742,"Blacksburg,  VA"
Virginia Union,744,"Richmond,  VA"
VMI,741,"Lexington,  VA"
Wabash,747,"Crawfordsville,  IN"
Wagner,748,"Staten Island,  NY"
Wake Forest,749,"Winston-Salem,  NC"
Walsh,30141,"North Canton,  OH"
Wartburg,750,"Waverly,  IA"
Wash. & Jeff.,751,"Washington,  PA"
Wash. & Lee,752,"Lexington,  VA"
Washburn,2814,"Topeka,  KS"
Washington,756,"Seattle,  WA"
Washington Adventist,1029,"Takoma Park,  MD"
Washington Col.,753,"Chestertown,  MD"
Washington St.,754,"Pullman,  WA"
Washington-St. Louis,755,"St. Louis,  MO"
Wayland Baptist,505610,","
Wayne St. (MI),757,"Detroit,  MI"
Wayne St. (NE),1433,"Wayne,  NE"
Waynesburg,1434,"Waynesburg,  PA"
Webb Inst.,505630,","
Weber St.,758,"Ogden,  UT"
Webster,759,"St. Louis,  MO"
Wellesley,760,"Wellesley,  MA"
Wells,761,"Aurora,  NY"
Wentworth,762,"Boston,  MA"
Wesley,763,"Dover,  DE"
Wesleyan (CT),764,"Middletown,  CT"
Wesleyan (GA),14718,"Macon,  GA"
West Ala.,358,"Livingston,  AL"
West Chester,765,"West Chester,  PA"
West Florida,11740,"Pensacola,  FL"
West Ga.,766,"Carrollton,  GA"
West Liberty,1438,"West Liberty,  WV"
West Tex. A&M,767,"Canyon,  TX"
West Va. Tech,14901,"Montgomery,  WV"
West Va. Wesleyan,9630,"Buckhannon,  WV"
West Virginia,768,"Morgantown,  WV"
West Virginia St.,1439,"Institute,  WV"
Western Caro.,769,"Cullowhee,  NC"
Western Conn. St.,770,"Danbury,  CT"
Western Ill.,771,"Macomb,  IL"
Western Ky.,772,"Bowling Green,  KY"
Western Mich.,774,"Kalamazoo,  MI"
Western N.M.,1445,"Silver City,  NM"
Western New Eng.,775,"Springfield,  MA"
Western Ore.,1446,"Monmouth,  OR"
Western St.,2759,"Gunnison,  CO"
Western Wash.,1448,"Bellingham,  WA"
Westfield St.,777,"Westfield,  MA"
Westmar,505184,","
Westminster (MO),1450,"Fulton,  MO"
Westminster (PA),1451,"New Wilmington,  PA"
Westminster (UT),506139,","
Westmont,505775,","
Wheaton (IL),778,"Wheaton,  IL"
Wheaton (MA),779,"Norton,  MA"
Wheeling Jesuit,12799,"Wheeling,  WV"
Wheelock,8896,"Boston,  MA"
Whitman,780,"Walla Walla,  WA"
Whittier,781,"Whittier,  CA"
Whitworth,1454,"Spokane,  WA"
Wichita St.,782,"Wichita,  KS"
Widener,783,"Chester,  PA"
Wilberforce,505825,","
Wiley,500077,","
Wilkes,784,"Wilkes-Barre,  PA"
Willamette,785,"Salem,  OR"
William & Mary,786,"Williamsburg,  VA"
William Carey,505850,","
William Jessup,506290,","
William Jewell,30120,"Liberty,  MO"
William Peace,17094,"Raleigh,  NC"
William Penn,788,"Oskaloosa,  IA"
William Smith,30073,"Geneva,  NY"
Williams,789,"Williamstown,  MA"
Wilmington (DE),1460,"New Castle,  DE"
Wilmington (OH),1461,"Wilmington,  OH"
Wilson,12973,"Chambersburg,  PA"
Wingate,1462,"Wingate,  NC"
Winona St.,790,"Winona,  MN"
Winston-Salem,791,"Winston-Salem,  NC"
Winthrop,792,"Rock Hill,  SC"
Wis. Lutheran,8911,"Milwaukee,  WI"
Wis.-Eau Claire,793,"Eau Claire,  WI"
Wis.-La Crosse,795,"La Crosse,  WI"
Wis.-Oshkosh,798,"Oshkosh,  WI"
Wis.-Parkside,799,"Kenosha,  WI"
Wis.-Platteville,800,"Platteville,  WI"
Wis.-River Falls,801,"River Falls,  WI"
Wis.-Stevens Point,802,"Stevens Point,  WI"
Wis.-Stout,803,"Menomonie,  WI"
Wis.-Superior,804,"Superior,  WI"
Wis.-Whitewater,805,"Whitewater,  WI"
Wisconsin,796,"Madison,  WI"
Wittenberg,806,"Springfield,  OH"
Wm. Paterson,787,"Wayne,  NJ"
Wofford,2915,"Spartanburg,  SC"
Wooster,807,"Wooster,  OH"
Worcester St.,809,"Worcester,  MA"
WPI,808,"Worcester,  MA"
Wright St.,810,"Dayton,  OH"
Wyoming,811,"Laramie,  WY"
Xavier,812,"Cincinnati,  OH"
Yale,813,"New Haven,  CT"
Yankton,506249,","
Yeshiva,814,"New York,  NY"
York (NY),2730,"Jamaica,  NY"
York (PA),815,"York,  PA"
Young Harris,30154,"Young Harris,  GA"
Youngstown St.,817,"Youngstown,  OH"
